train_loss,epoch,step,mse,r2_score,val_loss
10.173404693603516,0,9,10.173404693603516,0.11026906967163086,
,0,12,8.702796936035156,-0.13988809287548065,8.702796936035156
