precision_class_0,recall_class_2,epoch,precision_class_1,recall_class_0,precision_class_2,recall_class_1,step,train_loss,val_loss
0.8571428656578064,0.4000000059604645,0,0.1818181872367859,0.4615384638309479,0.2857142984867096,0.2222222238779068,9,1.0977487564086914,
0.19809524714946747,0.39587879180908203,0,0.4023376405239105,0.18666666746139526,0.3853968381881714,0.5022222399711609,12,,1.0986324548721313
